{"cameraMode":{"drawMode":0,"name":"Shaded","section":"Shading Mode"},"sceneLighting":true,"audioPlay":false,"sceneViewState":{"showFog":true,"showMaterialUpdate":false,"showSkybox":true,"showFlares":true,"showImageEffects":true,"showParticleSystems":true},"in2DMode":false,"pivot":{"x":18.54116439819336,"y":5.642999649047852,"z":24.18199920654297},"rotation":{"x":0.12057235091924668,"y":0.823213517665863,"z":-0.19049179553985597,"w":0.5210515260696411},"size":23.72140121459961,"orthographic":true}