{"cameraMode":{"drawMode":0,"name":"Shaded","section":"Shading Mode"},"sceneLighting":true,"audioPlay":false,"sceneViewState":{"showFog":true,"showMaterialUpdate":false,"showSkybox":true,"showFlares":true,"showImageEffects":true,"showParticleSystems":true},"in2DMode":false,"pivot":{"x":16.57940673828125,"y":0.9172298312187195,"z":26.075759887695314},"rotation":{"x":0.19236865639686585,"y":-0.765155553817749,"z":0.26567956805229189,"w":0.5540266633033752},"size":2.8640427589416506,"orthographic":true}